traffic_density,count,mean,median,std,min,max
Medium,2088,9.58764367816092,9.0,4.945508588826281,0,28
Low,3134,9.580727504786216,10.0,4.867640891225121,0,27
High,3132,9.431034482758621,9.0,4.8859919261713145,0,27
