vehicle_type,count,mean,median,std,min,max
Car,2833,179.65408063561594,135.2427743,150.81423881811796,10.0,769.98392
Bus,2760,179.0070337206087,132.2668702,151.1030923343015,10.0,776.5511099
Two-Wheeler,2761,177.4152541021043,133.0774513,145.37588825684955,10.0,758.4364271
