traffic_density,count,mean,median,std,min,max
Low,3134,4.659859604339502,5.0,2.793876982230466,0,14
Medium,2088,4.629789272030651,5.0,2.8671952128744365,0,14
High,3132,4.497765006385696,4.0,2.836601150308115,0,15
