time_slot,count,mean,median,std,min,max
Off-Peak,5222,9.58349291459211,10.0,4.898453549112153,0,28
Peak,3132,9.431034482758621,9.0,4.8859919261713145,0,27
