weather_condition,count,mean,median,std,min,max
Clear,2740,53.46490998349671,49.766559154999996,27.65729971061333,5.505722882,104.9563783
Rainy,2854,53.195512135263144,49.84185624,27.491963235835218,6.213572385,104.9856592
Cloudy,2760,52.80885290409384,48.734731885,27.54980862541335,6.80990577,104.9481929
