time_slot,count,mean,median,std,min,max
Peak,3132,84.09309296056831,84.383459385,11.720601830782641,57.36905288,104.9856592
Off-Peak,5222,34.60105550586384,31.678944915,14.649627790330856,5.505722882,73.4696335
