vehicle_type,count,mean,median,std,min,max
Bus,2760,39.44577747348442,35.56483653,18.985299424718036,8.333333333,89.92908899
Car,2833,39.08220242165337,34.95057081,19.029055638827447,8.333333333,89.83145733
Two-Wheeler,2761,38.711326512796084,34.91147711,18.905416335611008,7.502195419,89.89943678
