charging_priority,count,mean,median,std,min,max
High,2657,-11.640860851805796,-11.1567097,9.351074167077421,-41.4866858,14.1764338
Low,2784,-11.87050186265661,-11.226436329999999,9.351848886910757,-38.63907974,13.77493409
Medium,2913,-11.976882588429454,-11.38450706,9.121718228462901,-43.28590957,12.09793192
