location_type,count,mean,median,std,min,max
Highway,4166,53.406161120465676,49.57700445,27.380184611821807,10.05302413,100.0
Urban,4188,52.94983938758596,49.312733124999994,27.38266507345793,10.15660981,100.0
