location_type,count,mean,median,std,min,max
Highway,4166,9.598895823331732,10.0,4.88884255152346,0,28
Urban,4188,9.454154727793696,9.0,4.898740539623312,0,27
