time_slot,count,mean,median,std,min,max
Peak,3132,84.06591682323754,84.364073445,11.34697750026184,60.16792991,100.0
Off-Peak,5222,34.65138703421869,31.55547393,14.373562243753462,10.05302413,73.40290096
