vehicle_type,count,mean,median,std,min,max
Bus,2760,9.61413043478261,9.0,4.841602996636177,0,25
Car,2833,9.536886692552065,10.0,4.926737101544592,0,28
Two-Wheeler,2761,9.427743571169866,9.0,4.912489069296704,0,25
